58992,x32755296748000.eastus2.cloudapp.azure.com,3,yangc9003,x32755296748000
55216,x32755296748000.eastus2.cloudapp.azure.com,3,yangc9004,x32755296748000
64868,x32755296748000.eastus2.cloudapp.azure.com,3,yangc9005,x32755296748000
50468,x32755296748000.eastus2.cloudapp.azure.com,3,yangc9000,x32755296748000
60999,x32755296748000.eastus2.cloudapp.azure.com,3,yangc9001,x32755296748000
54648,x32755296748000.eastus2.cloudapp.azure.com,3,yangc9006,x32755296748000
65013,x32755296748000.eastus2.cloudapp.azure.com,3,yangc9007,x32755296748000
64926,x32755296748000.eastus2.cloudapp.azure.com,3,yangc9002,x32755296748000
49291,x32755296748000.eastus2.cloudapp.azure.com,3,yangc9008,x32755296748000
55942,x32755296748000.eastus2.cloudapp.azure.com,3,yangc9009,x32755296748000
55591,x32755296748000.eastus2.cloudapp.azure.com,3,yangc9010,x32755296748000
62202,x32755296748000.eastus2.cloudapp.azure.com,3,yangc9011,x32755296748000
64604,x32755296748000.eastus2.cloudapp.azure.com,3,yangc9012,x32755296748000
56224,x32755296748000.eastus2.cloudapp.azure.com,3,yangc9013,x32755296748000
55948,x32755296748000.eastus2.cloudapp.azure.com,3,yangc9014,x32755296748000
59942,x32755296748000.eastus2.cloudapp.azure.com,3,yangc9015,x32755296748000
61754,x32755296748000.eastus2.cloudapp.azure.com,3,yangc9017,x32755296748000
63006,x32755296748000.eastus2.cloudapp.azure.com,3,yangc9016,x32755296748000
54983,x32755296748000.eastus2.cloudapp.azure.com,3,yangc9018,x32755296748000
58293,x32755296748000.eastus2.cloudapp.azure.com,3,yangc9019,x32755296748000
64946,x32755296748000.eastus2.cloudapp.azure.com,3,yangc9020,x32755296748000
62336,x32755296748000.eastus2.cloudapp.azure.com,3,yangc9021,x32755296748000
58662,x32755296748000.eastus2.cloudapp.azure.com,3,yangc9022,x32755296748000
62683,x32755296748000.eastus2.cloudapp.azure.com,3,yangc9023,x32755296748000
64678,x32755296748000.eastus2.cloudapp.azure.com,3,yangc9024,x32755296748000
65330,x32755296748000.eastus2.cloudapp.azure.com,3,yangc9025,x32755296748000
54583,x32755296748000.eastus2.cloudapp.azure.com,3,yangc9026,x32755296748000
64006,x32755296748000.eastus2.cloudapp.azure.com,3,yangc9027,x32755296748000
57985,x32755296748000.eastus2.cloudapp.azure.com,3,yangc9028,x32755296748000
62088,x32755296748000.eastus2.cloudapp.azure.com,3,yangc9029,x32755296748000
60166,x32755296748000.eastus2.cloudapp.azure.com,3,yangc9030,x32755296748000
54602,x32755296748000.eastus2.cloudapp.azure.com,3,yangc9031,x32755296748000
59293,x32755296748000.eastus2.cloudapp.azure.com,3,yangc9032,x32755296748000
56587,x32755296748000.eastus2.cloudapp.azure.com,3,yangc9033,x32755296748000
60039,x32755296748000.eastus2.cloudapp.azure.com,3,yangc9034,x32755296748000
59295,x32755296748000.eastus2.cloudapp.azure.com,3,yangc9035,x32755296748000
53359,x32755296748000.eastus2.cloudapp.azure.com,3,yangc9036,x32755296748000
54665,x32755296748000.eastus2.cloudapp.azure.com,3,yangc9037,x32755296748000
55041,x32755296748000.eastus2.cloudapp.azure.com,3,yangc9038,x32755296748000
49614,x32755296748000.eastus2.cloudapp.azure.com,3,yangc9039,x32755296748000
61357,x32755296748000.eastus2.cloudapp.azure.com,3,yangc9040,x32755296748000
65068,x32755296748000.eastus2.cloudapp.azure.com,3,yangc9041,x32755296748000
49337,x32755296748000.eastus2.cloudapp.azure.com,3,yangc9042,x32755296748000
58431,x32755296748000.eastus2.cloudapp.azure.com,3,yangc9043,x32755296748000
56014,x32755296748000.eastus2.cloudapp.azure.com,3,yangc9044,x32755296748000
55063,x32755296748000.eastus2.cloudapp.azure.com,3,yangc9045,x32755296748000
50122,x32755296748000.eastus2.cloudapp.azure.com,3,yangc9046,x32755296748000
51042,x32755296748000.eastus2.cloudapp.azure.com,3,yangc9047,x32755296748000
53896,x32755296748000.eastus2.cloudapp.azure.com,3,yangc9048,x32755296748000
56402,x32755296748000.eastus2.cloudapp.azure.com,3,yangc9049,x32755296748000
61970,x32755296748000.eastus2.cloudapp.azure.com,3,yangc9050,x32755296748000
55644,x32755296748000.eastus2.cloudapp.azure.com,3,yangc9051,x32755296748000
54311,x32755296748000.eastus2.cloudapp.azure.com,3,yangc9052,x32755296748000
63506,x32755296748000.eastus2.cloudapp.azure.com,3,yangc9053,x32755296748000
60224,x32755296748000.eastus2.cloudapp.azure.com,3,yangc9054,x32755296748000
52790,x32755296748000.eastus2.cloudapp.azure.com,3,yangc9055,x32755296748000
53262,x32755296748000.eastus2.cloudapp.azure.com,3,yangc9056,x32755296748000
53802,x32755296748000.eastus2.cloudapp.azure.com,3,yangc9057,x32755296748000
52108,x32755296748000.eastus2.cloudapp.azure.com,3,yangc9058,x32755296748000
52786,x32755296748000.eastus2.cloudapp.azure.com,3,yangc9059,x32755296748000
57992,x32755296748000.eastus2.cloudapp.azure.com,3,yangc9060,x32755296748000
59912,x32755296748000.eastus2.cloudapp.azure.com,3,yangc9061,x32755296748000
51120,x32755296748000.eastus2.cloudapp.azure.com,3,yangc9062,x32755296748000
65343,x32755296748000.eastus2.cloudapp.azure.com,3,yangc9063,x32755296748000
61999,x32755296748000.eastus2.cloudapp.azure.com,3,yangc9064,x32755296748000
50442,x32755296748000.eastus2.cloudapp.azure.com,3,yangc9065,x32755296748000
58498,x32755296748000.eastus2.cloudapp.azure.com,3,yangc9066,x32755296748000
59678,x32755296748000.eastus2.cloudapp.azure.com,3,yangc9067,x32755296748000
55039,x32755296748000.eastus2.cloudapp.azure.com,3,yangc9068,x32755296748000
49157,x32755296748000.eastus2.cloudapp.azure.com,3,yangc9069,x32755296748000
53968,x32755296748000.eastus2.cloudapp.azure.com,3,yangc9070,x32755296748000
62951,x32755296748000.eastus2.cloudapp.azure.com,3,yangc9071,x32755296748000
59999,x32755296748000.eastus2.cloudapp.azure.com,3,yangc9072,x32755296748000
62730,x32755296748000.eastus2.cloudapp.azure.com,3,yangc9073,x32755296748000
52096,x32755296748000.eastus2.cloudapp.azure.com,3,yangc9074,x32755296748000
61604,x32755296748000.eastus2.cloudapp.azure.com,3,yangc9075,x32755296748000
49374,x32755296748000.eastus2.cloudapp.azure.com,3,yangc9077,x32755296748000
62672,x32755296748000.eastus2.cloudapp.azure.com,3,yangc9076,x32755296748000
50890,x32755296748000.eastus2.cloudapp.azure.com,3,yangc9078,x32755296748000
61126,x32755296748000.eastus2.cloudapp.azure.com,3,yangc9079,x32755296748000
57573,x32755296748000.eastus2.cloudapp.azure.com,3,yangc9080,x32755296748000
56149,x32755296748000.eastus2.cloudapp.azure.com,3,yangc9081,x32755296748000
50035,x32755296748000.eastus2.cloudapp.azure.com,3,yangc9082,x32755296748000
53248,x32755296748000.eastus2.cloudapp.azure.com,3,yangc9083,x32755296748000
63014,x32755296748000.eastus2.cloudapp.azure.com,3,yangc9084,x32755296748000
57752,x32755296748000.eastus2.cloudapp.azure.com,3,yangc9085,x32755296748000
61618,x32755296748000.eastus2.cloudapp.azure.com,3,yangc9086,x32755296748000
54111,x32755296748000.eastus2.cloudapp.azure.com,3,yangc9087000,x32755296748000
56501,x32755296748000.eastus2.cloudapp.azure.com,3,yangc9087001,x32755296748000
60373,x32755296748000.eastus2.cloudapp.azure.com,3,yangc9087002,x32755296748000
63465,x32755296748000.eastus2.cloudapp.azure.com,3,yangc9087003,x32755296748000
53577,x32755296748000.eastus2.cloudapp.azure.com,3,yangc9087004,x32755296748000
49673,x32755296748000.eastus2.cloudapp.azure.com,3,yangc9087005,x32755296748000
60794,x32755296748000.eastus2.cloudapp.azure.com,3,yangc9087006,x32755296748000
53144,x32755296748000.eastus2.cloudapp.azure.com,3,yangc9087007,x32755296748000
55954,x32755296748000.eastus2.cloudapp.azure.com,3,yangc9087008,x32755296748000
61530,x32755296748000.eastus2.cloudapp.azure.com,3,yangc9087009,x32755296748000
50108,x31352648531001.eastus2.cloudapp.azure.com,3,yangc9087010,x31352648531001
63007,x31352648531001.eastus2.cloudapp.azure.com,3,yangc9087011,x31352648531001
55373,x31352648531001.eastus2.cloudapp.azure.com,3,yangc9087012,x31352648531001